[{"model": "contenttypes.contenttype", "pk": 1, "fields": {"app_label": "admin", "model": "logentry"}}, {"model": "contenttypes.contenttype", "pk": 2, "fields": {"app_label": "auth", "model": "permission"}}, {"model": "contenttypes.contenttype", "pk": 3, "fields": {"app_label": "auth", "model": "group"}}, {"model": "contenttypes.contenttype", "pk": 4, "fields": {"app_label": "contenttypes", "model": "contenttype"}}, {"model": "contenttypes.contenttype", "pk": 5, "fields": {"app_label": "sessions", "model": "session"}}, {"model": "contenttypes.contenttype", "pk": 6, "fields": {"app_label": "rbac", "model": "userinfo"}}, {"model": "contenttypes.contenttype", "pk": 7, "fields": {"app_label": "rbac", "model": "menu"}}, {"model": "contenttypes.contenttype", "pk": 8, "fields": {"app_label": "rbac", "model": "permission"}}, {"model": "contenttypes.contenttype", "pk": 9, "fields": {"app_label": "rbac", "model": "role"}}, {"model": "contenttypes.contenttype", "pk": 10, "fields": {"app_label": "rbac", "model": "requestrecord"}}, {"model": "contenttypes.contenttype", "pk": 11, "fields": {"app_label": "cmdb", "model": "app"}}, {"model": "contenttypes.contenttype", "pk": 12, "fields": {"app_label": "cmdb", "model": "asset"}}, {"model": "contenttypes.contenttype", "pk": 13, "fields": {"app_label": "cmdb", "model": "env"}}, {"model": "contenttypes.contenttype", "pk": 14, "fields": {"app_label": "cmdb", "model": "idc"}}, {"model": "contenttypes.contenttype", "pk": 15, "fields": {"app_label": "cmdb", "model": "product"}}, {"model": "contenttypes.contenttype", "pk": 16, "fields": {"app_label": "cmdb", "model": "project"}}, {"model": "contenttypes.contenttype", "pk": 17, "fields": {"app_label": "cmdb", "model": "server"}}, {"model": "contenttypes.contenttype", "pk": 18, "fields": {"app_label": "cmdb", "model": "service"}}, {"model": "sessions.session", "pk": "dubdeegdrdk5x7wxncwa75xna1fn8a08", "fields": {"session_data": "ZTc1YzIwMDYxM2JiZTIzYzA5YWJkOGQzYThjMWIzZTJjNjAyNTdlOTp7Im5leHRfdXJsIjpudWxsLCJhdXRoY29kZSI6Ik8zbm8ifQ==", "expire_date": "2019-12-07T20:39:27.332"}}, {"model": "sessions.session", "pk": "jnpic0gyhhiwfinxtavmw17ca2werjce", "fields": {"session_data": "YzBjZDVjNjY0ZTVlNGZhZTM2OGRmNDgyNDI3NmI2MzM1NjAxNWY5Nzp7Im5leHRfdXJsIjpudWxsLCJhdXRoY29kZSI6InFiM3oiLCJfYXV0aF91c2VyX2lkIjoiMSIsIl9hdXRoX3VzZXJfYmFja2VuZCI6ImRqYW5nby5jb250cmliLmF1dGguYmFja2VuZHMuTW9kZWxCYWNrZW5kIiwiX2F1dGhfdXNlcl9oYXNoIjoiMjhkNTE0NzZmNTdkNjNlY2E3YWEzNWQ4Mzc1NTVhYjBjNzhiMzM4NiIsInBlcm1pc3Npb25zX2xpc3QiOlt7InBrIjo3LCJuYW1lIjoiXHU3NTI4XHU2MjM3XHU3YmExXHU3NDA2IiwidXJsIjoiL3JiYWMvIiwicGFyZW50X2lkIjpudWxsfSx7InBrIjo4LCJuYW1lIjoiXHU3NTI4XHU2MjM3XHU1MjE3XHU4ODY4IiwidXJsIjoiL3JiYWMvdXNlci9saXN0IiwicGFyZW50X2lkIjo3fSx7InBrIjo5LCJuYW1lIjoiXHU2NzQzXHU5NjUwXHU1MjE3XHU4ODY4IiwidXJsIjoiL3JiYWMvcHJlbWlzc2lvbi9saXN0IiwicGFyZW50X2lkIjo3fSx7InBrIjoxMCwibmFtZSI6Ilx1ODlkMlx1ODI3Mlx1N2JhMVx1NzQwNiIsInVybCI6Ii9yYmFjL3JvbGUvbGlzdCIsInBhcmVudF9pZCI6N30seyJwayI6MTEsIm5hbWUiOiJcdTkwZThcdTk1ZThcdTUyMTdcdTg4NjgiLCJ1cmwiOiIvcmJhYy9kZXB0L2xpc3QiLCJwYXJlbnRfaWQiOjd9LHsicGsiOjEsIm5hbWUiOiJcdThkNDRcdTRlYTdcdTdiYTFcdTc0MDYiLCJ1cmwiOiIjIiwicGFyZW50X2lkIjpudWxsfSx7InBrIjoyLCJuYW1lIjoiXHU0ZWE3XHU1NGMxXHU1MjE3XHU4ODY4IiwidXJsIjoiL2NtZGIvcHJvZHVjdC9saXN0LyIsInBhcmVudF9pZCI6MX0seyJwayI6MywibmFtZSI6Ilx1OTg3OVx1NzZlZVx1NTIxN1x1ODg2OCIsInVybCI6Ii9jbWRiL3Byb2plY3QvbGlzdC8iLCJwYXJlbnRfaWQiOjF9LHsicGsiOjQsIm5hbWUiOiJcdTY3M2FcdTYyM2ZcdTUyMTdcdTg4NjgiLCJ1cmwiOiIvY21kYi9pZGMvbGlzdCIsInBhcmVudF9pZCI6MX0seyJwayI6NSwibmFtZSI6Ilx1NzNhZlx1NTg4M1x1NTIxN1x1ODg2OCIsInVybCI6Ii9jbWRiL2Vudi9saXN0LyIsInBhcmVudF9pZCI6MX0seyJwayI6NiwibmFtZSI6Ilx1OGQ0NFx1NGVhN1x1NTIxN1x1ODg2OCIsInVybCI6Ii9jbWRiL2Fzc2V0L2xpc3QvIiwicGFyZW50X2lkIjoxfSx7InBrIjoxMiwibmFtZSI6Ilx1NTdmYVx1Nzg0MFx1NjcwZFx1NTJhMVx1NTIxN1x1ODg2OCIsInVybCI6Ii9jbWRiL3NlcnZpY2UvbGlzdCIsInBhcmVudF9pZCI6MX0seyJwayI6MTMsIm5hbWUiOiJcdTVlOTRcdTc1MjhcdTY3MGRcdTUyYTFcdTUyMTdcdTg4NjgiLCJ1cmwiOiIvY21kYi9hcHAvbGlzdC8iLCJwYXJlbnRfaWQiOjF9XSwibWVudXNfZGljdCI6eyI3Ijp7InBrIjo3LCJ0aXRsZSI6Ilx1NzUyOFx1NjIzN1x1N2JhMVx1NzQwNiIsImljb24iOiJmYS1mdyBmYS11c2VycyIsInBhcmVudF9pZCI6bnVsbCwicHJpb3JpdHkiOjExMTAsImNoaWxkcmVuIjpbeyJwayI6OCwibmFtZSI6Ilx1NzUyOFx1NjIzN1x1NTIxN1x1ODg2OCIsInVybCI6Ii9yYmFjL3VzZXIvbGlzdCIsImljb24iOiJmYS10YWJsZSIsInBhcmVudF9pZCI6N30seyJwayI6OSwibmFtZSI6Ilx1Njc0M1x1OTY1MFx1NTIxN1x1ODg2OCIsInVybCI6Ii9yYmFjL3ByZW1pc3Npb24vbGlzdCIsImljb24iOiJmYS10YWJsZSIsInBhcmVudF9pZCI6N30seyJwayI6MTAsIm5hbWUiOiJcdTg5ZDJcdTgyNzJcdTdiYTFcdTc0MDYiLCJ1cmwiOiIvcmJhYy9yb2xlL2xpc3QiLCJpY29uIjoiZmEtdGFibGUiLCJwYXJlbnRfaWQiOjd9LHsicGsiOjExLCJuYW1lIjoiXHU5MGU4XHU5NWU4XHU1MjE3XHU4ODY4IiwidXJsIjoiL3JiYWMvZGVwdC9saXN0IiwiaWNvbiI6ImZhLXRhYmxlIiwicGFyZW50X2lkIjo3fV19LCIxIjp7InBrIjoxLCJ0aXRsZSI6Ilx1OGQ0NFx1NGVhN1x1N2JhMVx1NzQwNiIsImljb24iOiJmYS10YWJsZSIsInBhcmVudF9pZCI6bnVsbCwicHJpb3JpdHkiOjIyMjAsImNoaWxkcmVuIjpbeyJwayI6MiwibmFtZSI6Ilx1NGVhN1x1NTRjMVx1NTIxN1x1ODg2OCIsInVybCI6Ii9jbWRiL3Byb2R1Y3QvbGlzdC8iLCJpY29uIjoiZmEtdGFibGUiLCJwYXJlbnRfaWQiOjF9LHsicGsiOjMsIm5hbWUiOiJcdTk4NzlcdTc2ZWVcdTUyMTdcdTg4NjgiLCJ1cmwiOiIvY21kYi9wcm9qZWN0L2xpc3QvIiwiaWNvbiI6ImZhLXRhYmxlIiwicGFyZW50X2lkIjoxfSx7InBrIjo0LCJuYW1lIjoiXHU2NzNhXHU2MjNmXHU1MjE3XHU4ODY4IiwidXJsIjoiL2NtZGIvaWRjL2xpc3QiLCJpY29uIjoiZmEtdGFibGUiLCJwYXJlbnRfaWQiOjF9LHsicGsiOjUsIm5hbWUiOiJcdTczYWZcdTU4ODNcdTUyMTdcdTg4NjgiLCJ1cmwiOiIvY21kYi9lbnYvbGlzdC8iLCJpY29uIjoiZmEtdGFibGUiLCJwYXJlbnRfaWQiOjF9LHsicGsiOjYsIm5hbWUiOiJcdThkNDRcdTRlYTdcdTUyMTdcdTg4NjgiLCJ1cmwiOiIvY21kYi9hc3NldC9saXN0LyIsImljb24iOm51bGwsInBhcmVudF9pZCI6MX0seyJwayI6MTIsIm5hbWUiOiJcdTU3ZmFcdTc4NDBcdTY3MGRcdTUyYTFcdTUyMTdcdTg4NjgiLCJ1cmwiOiIvY21kYi9zZXJ2aWNlL2xpc3QiLCJpY29uIjoiZmEtdGFibGUiLCJwYXJlbnRfaWQiOjF9LHsicGsiOjEzLCJuYW1lIjoiXHU1ZTk0XHU3NTI4XHU2NzBkXHU1MmExXHU1MjE3XHU4ODY4IiwidXJsIjoiL2NtZGIvYXBwL2xpc3QvIiwiaWNvbiI6ImZhLXRhYmxlIiwicGFyZW50X2lkIjoxfV19fX0=", "expire_date": "2019-12-07T20:56:50.099"}}, {"model": "sessions.session", "pk": "pppov1m3tiz216xcsh42pb3yi9afdhnq", "fields": {"session_data": "YjcwZmFhMDk1ZTQyNzFlNTNiMjA5NWJkOTRjMjRkM2E5MTU4ZGRmODp7Im5leHRfdXJsIjpudWxsLCJhdXRoY29kZSI6Im1zeDYifQ==", "expire_date": "2019-12-07T20:13:51.900"}}, {"model": "rbac.role", "pk": 1, "fields": {"title": "\u8fd0\u7ef4", "permission": [1, 2, 3, 4, 5, 6, 7, 8, 9, 10, 11, 12, 13]}}, {"model": "rbac.role", "pk": 2, "fields": {"title": "\u5f00\u53d1", "permission": [1, 2, 3, 13]}}, {"model": "rbac.permission", "pk": 1, "fields": {"name": "\u8d44\u4ea7\u7ba1\u7406", "url": "#", "icon": "fa-table", "parent": null, "menu": 1}}, {"model": "rbac.permission", "pk": 2, "fields": {"name": "\u4ea7\u54c1\u5217\u8868", "url": "/cmdb/product/list/", "icon": "fa-table", "parent": 1, "menu": 2}}, {"model": "rbac.permission", "pk": 3, "fields": {"name": "\u9879\u76ee\u5217\u8868", "url": "/cmdb/project/list/", "icon": "fa-table", "parent": 1, "menu": 3}}, {"model": "rbac.permission", "pk": 4, "fields": {"name": "\u673a\u623f\u5217\u8868", "url": "/cmdb/idc/list", "icon": "fa-table", "parent": 1, "menu": 4}}, {"model": "rbac.permission", "pk": 5, "fields": {"name": "\u73af\u5883\u5217\u8868", "url": "/cmdb/env/list/", "icon": "fa-table", "parent": 1, "menu": 5}}, {"model": "rbac.permission", "pk": 6, "fields": {"name": "\u8d44\u4ea7\u5217\u8868", "url": "/cmdb/asset/list/", "icon": null, "parent": 1, "menu": 6}}, {"model": "rbac.permission", "pk": 7, "fields": {"name": "\u7528\u6237\u7ba1\u7406", "url": "/rbac/", "icon": "fa-fw fa-users", "parent": null, "menu": 7}}, {"model": "rbac.permission", "pk": 8, "fields": {"name": "\u7528\u6237\u5217\u8868", "url": "/rbac/user/list", "icon": "fa-table", "parent": 7, "menu": 8}}, {"model": "rbac.permission", "pk": 9, "fields": {"name": "\u6743\u9650\u5217\u8868", "url": "/rbac/premission/list", "icon": "fa-table", "parent": 7, "menu": 9}}, {"model": "rbac.permission", "pk": 10, "fields": {"name": "\u89d2\u8272\u7ba1\u7406", "url": "/rbac/role/list", "icon": "fa-table", "parent": 7, "menu": 10}}, {"model": "rbac.permission", "pk": 11, "fields": {"name": "\u90e8\u95e8\u5217\u8868", "url": "/rbac/dept/list", "icon": "fa-table", "parent": 7, "menu": 11}}, {"model": "rbac.permission", "pk": 12, "fields": {"name": "\u57fa\u7840\u670d\u52a1\u5217\u8868", "url": "/cmdb/service/list", "icon": "fa-table", "parent": 1, "menu": 12}}, {"model": "rbac.permission", "pk": 13, "fields": {"name": "\u5e94\u7528\u670d\u52a1\u5217\u8868", "url": "/cmdb/app/list/", "icon": "fa-table", "parent": 1, "menu": 13}}, {"model": "rbac.menu", "pk": 1, "fields": {"title": "\u8d44\u4ea7\u7ba1\u7406", "icon": "fa-table", "parent": null, "priority": 2220, "is_show": true, "memu_level": 1}}, {"model": "rbac.menu", "pk": 2, "fields": {"title": "\u4ea7\u54c1\u5217\u8868", "icon": "fa-table", "parent": 1, "priority": 2221, "is_show": true, "memu_level": 2}}, {"model": "rbac.menu", "pk": 3, "fields": {"title": "\u9879\u76ee\u5217\u8868", "icon": "fa-table", "parent": 1, "priority": 2222, "is_show": true, "memu_level": 2}}, {"model": "rbac.menu", "pk": 4, "fields": {"title": "\u673a\u623f\u5217\u8868", "icon": "fa-table", "parent": 1, "priority": 2223, "is_show": true, "memu_level": 2}}, {"model": "rbac.menu", "pk": 5, "fields": {"title": "\u73af\u5883\u5217\u8868", "icon": "fa-table", "parent": 1, "priority": 2224, "is_show": true, "memu_level": 2}}, {"model": "rbac.menu", "pk": 6, "fields": {"title": "\u8d44\u4ea7\u5217\u8868", "icon": "fa-table", "parent": 1, "priority": 2225, "is_show": true, "memu_level": 2}}, {"model": "rbac.menu", "pk": 7, "fields": {"title": "\u7528\u6237\u7ba1\u7406", "icon": "fa-fw fa-users", "parent": null, "priority": 1110, "is_show": true, "memu_level": 1}}, {"model": "rbac.menu", "pk": 8, "fields": {"title": "\u7528\u6237\u5217\u8868", "icon": "fa-table", "parent": 7, "priority": 1111, "is_show": true, "memu_level": 2}}, {"model": "rbac.menu", "pk": 9, "fields": {"title": "\u6743\u9650\u5217\u8868", "icon": "fa-table", "parent": 7, "priority": 1112, "is_show": true, "memu_level": 2}}, {"model": "rbac.menu", "pk": 10, "fields": {"title": "\u89d2\u8272\u5217\u8868", "icon": "fa-table", "parent": 7, "priority": 1113, "is_show": true, "memu_level": 2}}, {"model": "rbac.menu", "pk": 11, "fields": {"title": "\u90e8\u95e8\u5217\u8868", "icon": "fa-table", "parent": 7, "priority": 1114, "is_show": true, "memu_level": 2}}, {"model": "rbac.menu", "pk": 12, "fields": {"title": "\u57fa\u7840\u670d\u52a1\u5217\u8868", "icon": "fa-table", "parent": 1, "priority": 2226, "is_show": true, "memu_level": 2}}, {"model": "rbac.menu", "pk": 13, "fields": {"title": "\u5e94\u7528\u670d\u52a1\u5217\u8868", "icon": "fa-table", "parent": 1, "priority": 2227, "is_show": true, "memu_level": 2}}, {"model": "auth.permission", "pk": 1, "fields": {"name": "Can add log entry", "content_type": 1, "codename": "add_logentry"}}, {"model": "auth.permission", "pk": 2, "fields": {"name": "Can change log entry", "content_type": 1, "codename": "change_logentry"}}, {"model": "auth.permission", "pk": 3, "fields": {"name": "Can delete log entry", "content_type": 1, "codename": "delete_logentry"}}, {"model": "auth.permission", "pk": 4, "fields": {"name": "Can view log entry", "content_type": 1, "codename": "view_logentry"}}, {"model": "auth.permission", "pk": 5, "fields": {"name": "Can add permission", "content_type": 2, "codename": "add_permission"}}, {"model": "auth.permission", "pk": 6, "fields": {"name": "Can change permission", "content_type": 2, "codename": "change_permission"}}, {"model": "auth.permission", "pk": 7, "fields": {"name": "Can delete permission", "content_type": 2, "codename": "delete_permission"}}, {"model": "auth.permission", "pk": 8, "fields": {"name": "Can view permission", "content_type": 2, "codename": "view_permission"}}, {"model": "auth.permission", "pk": 9, "fields": {"name": "Can add group", "content_type": 3, "codename": "add_group"}}, {"model": "auth.permission", "pk": 10, "fields": {"name": "Can change group", "content_type": 3, "codename": "change_group"}}, {"model": "auth.permission", "pk": 11, "fields": {"name": "Can delete group", "content_type": 3, "codename": "delete_group"}}, {"model": "auth.permission", "pk": 12, "fields": {"name": "Can view group", "content_type": 3, "codename": "view_group"}}, {"model": "auth.permission", "pk": 13, "fields": {"name": "Can add content type", "content_type": 4, "codename": "add_contenttype"}}, {"model": "auth.permission", "pk": 14, "fields": {"name": "Can change content type", "content_type": 4, "codename": "change_contenttype"}}, {"model": "auth.permission", "pk": 15, "fields": {"name": "Can delete content type", "content_type": 4, "codename": "delete_contenttype"}}, {"model": "auth.permission", "pk": 16, "fields": {"name": "Can view content type", "content_type": 4, "codename": "view_contenttype"}}, {"model": "auth.permission", "pk": 17, "fields": {"name": "Can add session", "content_type": 5, "codename": "add_session"}}, {"model": "auth.permission", "pk": 18, "fields": {"name": "Can change session", "content_type": 5, "codename": "change_session"}}, {"model": "auth.permission", "pk": 19, "fields": {"name": "Can delete session", "content_type": 5, "codename": "delete_session"}}, {"model": "auth.permission", "pk": 20, "fields": {"name": "Can view session", "content_type": 5, "codename": "view_session"}}, {"model": "auth.permission", "pk": 21, "fields": {"name": "Can add \u7528\u6237\u8868", "content_type": 6, "codename": "add_userinfo"}}, {"model": "auth.permission", "pk": 22, "fields": {"name": "Can change \u7528\u6237\u8868", "content_type": 6, "codename": "change_userinfo"}}, {"model": "auth.permission", "pk": 23, "fields": {"name": "Can delete \u7528\u6237\u8868", "content_type": 6, "codename": "delete_userinfo"}}, {"model": "auth.permission", "pk": 24, "fields": {"name": "Can view \u7528\u6237\u8868", "content_type": 6, "codename": "view_userinfo"}}, {"model": "auth.permission", "pk": 25, "fields": {"name": "Can add \u83dc\u5355\u8868", "content_type": 7, "codename": "add_menu"}}, {"model": "auth.permission", "pk": 26, "fields": {"name": "Can change \u83dc\u5355\u8868", "content_type": 7, "codename": "change_menu"}}, {"model": "auth.permission", "pk": 27, "fields": {"name": "Can delete \u83dc\u5355\u8868", "content_type": 7, "codename": "delete_menu"}}, {"model": "auth.permission", "pk": 28, "fields": {"name": "Can view \u83dc\u5355\u8868", "content_type": 7, "codename": "view_menu"}}, {"model": "auth.permission", "pk": 29, "fields": {"name": "Can add \u6743\u9650\u8868", "content_type": 8, "codename": "add_permission"}}, {"model": "auth.permission", "pk": 30, "fields": {"name": "Can change \u6743\u9650\u8868", "content_type": 8, "codename": "change_permission"}}, {"model": "auth.permission", "pk": 31, "fields": {"name": "Can delete \u6743\u9650\u8868", "content_type": 8, "codename": "delete_permission"}}, {"model": "auth.permission", "pk": 32, "fields": {"name": "Can view \u6743\u9650\u8868", "content_type": 8, "codename": "view_permission"}}, {"model": "auth.permission", "pk": 33, "fields": {"name": "Can add \u89d2\u8272\u8868", "content_type": 9, "codename": "add_role"}}, {"model": "auth.permission", "pk": 34, "fields": {"name": "Can change \u89d2\u8272\u8868", "content_type": 9, "codename": "change_role"}}, {"model": "auth.permission", "pk": 35, "fields": {"name": "Can delete \u89d2\u8272\u8868", "content_type": 9, "codename": "delete_role"}}, {"model": "auth.permission", "pk": 36, "fields": {"name": "Can view \u89d2\u8272\u8868", "content_type": 9, "codename": "view_role"}}, {"model": "auth.permission", "pk": 37, "fields": {"name": "Can add Request Record", "content_type": 10, "codename": "add_requestrecord"}}, {"model": "auth.permission", "pk": 38, "fields": {"name": "Can change Request Record", "content_type": 10, "codename": "change_requestrecord"}}, {"model": "auth.permission", "pk": 39, "fields": {"name": "Can delete Request Record", "content_type": 10, "codename": "delete_requestrecord"}}, {"model": "auth.permission", "pk": 40, "fields": {"name": "Can view Request Record", "content_type": 10, "codename": "view_requestrecord"}}, {"model": "auth.permission", "pk": 41, "fields": {"name": "Can add \u5e94\u7528\u670d\u52a1\u8868", "content_type": 11, "codename": "add_app"}}, {"model": "auth.permission", "pk": 42, "fields": {"name": "Can change \u5e94\u7528\u670d\u52a1\u8868", "content_type": 11, "codename": "change_app"}}, {"model": "auth.permission", "pk": 43, "fields": {"name": "Can delete \u5e94\u7528\u670d\u52a1\u8868", "content_type": 11, "codename": "delete_app"}}, {"model": "auth.permission", "pk": 44, "fields": {"name": "Can view \u5e94\u7528\u670d\u52a1\u8868", "content_type": 11, "codename": "view_app"}}, {"model": "auth.permission", "pk": 45, "fields": {"name": "Can add \u8d44\u4ea7\u603b\u8868", "content_type": 12, "codename": "add_asset"}}, {"model": "auth.permission", "pk": 46, "fields": {"name": "Can change \u8d44\u4ea7\u603b\u8868", "content_type": 12, "codename": "change_asset"}}, {"model": "auth.permission", "pk": 47, "fields": {"name": "Can delete \u8d44\u4ea7\u603b\u8868", "content_type": 12, "codename": "delete_asset"}}, {"model": "auth.permission", "pk": 48, "fields": {"name": "Can view \u8d44\u4ea7\u603b\u8868", "content_type": 12, "codename": "view_asset"}}, {"model": "auth.permission", "pk": 49, "fields": {"name": "Can add \u73af\u5883\u4fe1\u606f\u8868", "content_type": 13, "codename": "add_env"}}, {"model": "auth.permission", "pk": 50, "fields": {"name": "Can change \u73af\u5883\u4fe1\u606f\u8868", "content_type": 13, "codename": "change_env"}}, {"model": "auth.permission", "pk": 51, "fields": {"name": "Can delete \u73af\u5883\u4fe1\u606f\u8868", "content_type": 13, "codename": "delete_env"}}, {"model": "auth.permission", "pk": 52, "fields": {"name": "Can view \u73af\u5883\u4fe1\u606f\u8868", "content_type": 13, "codename": "view_env"}}, {"model": "auth.permission", "pk": 53, "fields": {"name": "Can add IDC\u673a\u623f", "content_type": 14, "codename": "add_idc"}}, {"model": "auth.permission", "pk": 54, "fields": {"name": "Can change IDC\u673a\u623f", "content_type": 14, "codename": "change_idc"}}, {"model": "auth.permission", "pk": 55, "fields": {"name": "Can delete IDC\u673a\u623f", "content_type": 14, "codename": "delete_idc"}}, {"model": "auth.permission", "pk": 56, "fields": {"name": "Can view IDC\u673a\u623f", "content_type": 14, "codename": "view_idc"}}, {"model": "auth.permission", "pk": 57, "fields": {"name": "Can add \u4e1a\u52a1\u8868", "content_type": 15, "codename": "add_product"}}, {"model": "auth.permission", "pk": 58, "fields": {"name": "Can change \u4e1a\u52a1\u8868", "content_type": 15, "codename": "change_product"}}, {"model": "auth.permission", "pk": 59, "fields": {"name": "Can delete \u4e1a\u52a1\u8868", "content_type": 15, "codename": "delete_product"}}, {"model": "auth.permission", "pk": 60, "fields": {"name": "Can view \u4e1a\u52a1\u8868", "content_type": 15, "codename": "view_product"}}, {"model": "auth.permission", "pk": 61, "fields": {"name": "Can add \u9879\u76ee\u8868", "content_type": 16, "codename": "add_project"}}, {"model": "auth.permission", "pk": 62, "fields": {"name": "Can change \u9879\u76ee\u8868", "content_type": 16, "codename": "change_project"}}, {"model": "auth.permission", "pk": 63, "fields": {"name": "Can delete \u9879\u76ee\u8868", "content_type": 16, "codename": "delete_project"}}, {"model": "auth.permission", "pk": 64, "fields": {"name": "Can view \u9879\u76ee\u8868", "content_type": 16, "codename": "view_project"}}, {"model": "auth.permission", "pk": 65, "fields": {"name": "Can add \u670d\u52a1\u5668\u8868", "content_type": 17, "codename": "add_server"}}, {"model": "auth.permission", "pk": 66, "fields": {"name": "Can change \u670d\u52a1\u5668\u8868", "content_type": 17, "codename": "change_server"}}, {"model": "auth.permission", "pk": 67, "fields": {"name": "Can delete \u670d\u52a1\u5668\u8868", "content_type": 17, "codename": "delete_server"}}, {"model": "auth.permission", "pk": 68, "fields": {"name": "Can view \u670d\u52a1\u5668\u8868", "content_type": 17, "codename": "view_server"}}, {"model": "auth.permission", "pk": 69, "fields": {"name": "Can add \u57fa\u7840\u670d\u52a1\u8868", "content_type": 18, "codename": "add_service"}}, {"model": "auth.permission", "pk": 70, "fields": {"name": "Can change \u57fa\u7840\u670d\u52a1\u8868", "content_type": 18, "codename": "change_service"}}, {"model": "auth.permission", "pk": 71, "fields": {"name": "Can delete \u57fa\u7840\u670d\u52a1\u8868", "content_type": 18, "codename": "delete_service"}}, {"model": "auth.permission", "pk": 72, "fields": {"name": "Can view \u57fa\u7840\u670d\u52a1\u8868", "content_type": 18, "codename": "view_service"}}, {"model": "rbac.userinfo", "pk": 1, "fields": {"password": "pbkdf2_sha256$150000$3HKJf8NLpBgl$kbyiPnxaVonvsfvxM1ycGCTV5PUDy5kzlMm1zSMsEGU=", "last_login": "2019-11-23T20:56:50.084", "is_superuser": true, "username": "admin", "first_name": "", "last_name": "", "email": "admin@qq.com", "is_staff": true, "is_active": true, "date_joined": "2019-11-23T20:05:00", "nickname": null, "gender": "male", "phone": "13360024712", "limit": 0, "login_date": "2019-11-23T20:56:50", "valid_date": null, "comment": null, "groups": [], "user_permissions": [], "role": [1]}}, {"model": "rbac.userinfo", "pk": 2, "fields": {"password": "pbkdf2_sha256$150000$vOhA0okLPpGm$0JA4/yKDVARNK9CRCKsyrXVtOpILpkz1TASwKY+bJ2M=", "last_login": "2019-11-23T20:54:59.352", "is_superuser": false, "username": "zengshenglong", "first_name": "\u80dc\u9f99", "last_name": "\u66fe", "email": "zengshenglong@baibu.la", "is_staff": false, "is_active": true, "date_joined": "2019-11-23T20:35:00", "nickname": null, "gender": "male", "phone": "13360024711", "limit": 0, "login_date": "2019-11-23T20:54:59", "valid_date": null, "comment": null, "groups": [], "user_permissions": [], "role": [2]}}, {"model": "rbac.requestrecord", "pk": 1, "fields": {"username": 1, "ipaddr": "127.0.0.1", "datetime": "2019-11-23T20:05:54.420", "type": 0, "get_full_path": "/", "post_body": null}}, {"model": "rbac.requestrecord", "pk": 2, "fields": {"username": 1, "ipaddr": "127.0.0.1", "datetime": "2019-11-23T20:09:24.895", "type": 0, "get_full_path": "/", "post_body": null}}, {"model": "rbac.requestrecord", "pk": 3, "fields": {"username": 1, "ipaddr": "127.0.0.1", "datetime": "2019-11-23T20:14:23.745", "type": 0, "get_full_path": "/", "post_body": null}}, {"model": "rbac.requestrecord", "pk": 4, "fields": {"username": 1, "ipaddr": "127.0.0.1", "datetime": "2019-11-23T20:14:28.176", "type": 0, "get_full_path": "/cmdb/asset/list/", "post_body": null}}, {"model": "rbac.requestrecord", "pk": 5, "fields": {"username": 1, "ipaddr": "127.0.0.1", "datetime": "2019-11-23T20:20:53.114", "type": 0, "get_full_path": "/", "post_body": null}}, {"model": "rbac.requestrecord", "pk": 6, "fields": {"username": 1, "ipaddr": "127.0.0.1", "datetime": "2019-11-23T20:20:58.170", "type": 0, "get_full_path": "/cmdb/asset/list/", "post_body": null}}, {"model": "rbac.requestrecord", "pk": 7, "fields": {"username": 1, "ipaddr": "127.0.0.1", "datetime": "2019-11-23T20:21:17.329", "type": 0, "get_full_path": "/cmdb/asset/list/", "post_body": null}}, {"model": "rbac.requestrecord", "pk": 8, "fields": {"username": 1, "ipaddr": "127.0.0.1", "datetime": "2019-11-23T20:22:56.545", "type": 0, "get_full_path": "/cmdb/asset/list/", "post_body": null}}, {"model": "rbac.requestrecord", "pk": 9, "fields": {"username": 1, "ipaddr": "127.0.0.1", "datetime": "2019-11-23T20:23:04.195", "type": 0, "get_full_path": "/", "post_body": null}}, {"model": "rbac.requestrecord", "pk": 10, "fields": {"username": 1, "ipaddr": "127.0.0.1", "datetime": "2019-11-23T20:23:29.081", "type": 0, "get_full_path": "/", "post_body": null}}, {"model": "rbac.requestrecord", "pk": 11, "fields": {"username": 1, "ipaddr": "127.0.0.1", "datetime": "2019-11-23T20:25:00.566", "type": 0, "get_full_path": "/", "post_body": null}}, {"model": "rbac.requestrecord", "pk": 12, "fields": {"username": 1, "ipaddr": "127.0.0.1", "datetime": "2019-11-23T20:25:06.391", "type": 0, "get_full_path": "/", "post_body": null}}, {"model": "rbac.requestrecord", "pk": 13, "fields": {"username": 1, "ipaddr": "127.0.0.1", "datetime": "2019-11-23T20:25:38.817", "type": 0, "get_full_path": "/", "post_body": null}}, {"model": "rbac.requestrecord", "pk": 14, "fields": {"username": 1, "ipaddr": "127.0.0.1", "datetime": "2019-11-23T20:27:10.116", "type": 0, "get_full_path": "/", "post_body": null}}, {"model": "rbac.requestrecord", "pk": 15, "fields": {"username": 1, "ipaddr": "127.0.0.1", "datetime": "2019-11-23T20:27:44.863", "type": 0, "get_full_path": "/rbac/user/list/", "post_body": null}}, {"model": "rbac.requestrecord", "pk": 16, "fields": {"username": 1, "ipaddr": "127.0.0.1", "datetime": "2019-11-23T20:30:16.354", "type": 0, "get_full_path": "/rbac/user/list/", "post_body": null}}, {"model": "rbac.requestrecord", "pk": 17, "fields": {"username": 1, "ipaddr": "127.0.0.1", "datetime": "2019-11-23T20:30:18.306", "type": 0, "get_full_path": "/rbac/premission/list/", "post_body": null}}, {"model": "rbac.requestrecord", "pk": 18, "fields": {"username": 1, "ipaddr": "127.0.0.1", "datetime": "2019-11-23T20:30:23.021", "type": 0, "get_full_path": "/rbac/role/list/", "post_body": null}}, {"model": "rbac.requestrecord", "pk": 19, "fields": {"username": 1, "ipaddr": "127.0.0.1", "datetime": "2019-11-23T20:30:25.444", "type": 0, "get_full_path": "/rbac/dept/list/", "post_body": null}}, {"model": "rbac.requestrecord", "pk": 20, "fields": {"username": 1, "ipaddr": "127.0.0.1", "datetime": "2019-11-23T20:30:27.717", "type": 0, "get_full_path": "/rbac/user/list/", "post_body": null}}, {"model": "rbac.requestrecord", "pk": 21, "fields": {"username": 1, "ipaddr": "127.0.0.1", "datetime": "2019-11-23T20:30:29.265", "type": 0, "get_full_path": "/rbac/premission/list/", "post_body": null}}, {"model": "rbac.requestrecord", "pk": 22, "fields": {"username": 1, "ipaddr": "127.0.0.1", "datetime": "2019-11-23T20:30:30.132", "type": 0, "get_full_path": "/rbac/role/list/", "post_body": null}}, {"model": "rbac.requestrecord", "pk": 23, "fields": {"username": 1, "ipaddr": "127.0.0.1", "datetime": "2019-11-23T20:30:31.160", "type": 0, "get_full_path": "/rbac/dept/list/", "post_body": null}}, {"model": "rbac.requestrecord", "pk": 24, "fields": {"username": 1, "ipaddr": "127.0.0.1", "datetime": "2019-11-23T20:30:32.159", "type": 0, "get_full_path": "/rbac/user/list/", "post_body": null}}, {"model": "rbac.requestrecord", "pk": 25, "fields": {"username": 1, "ipaddr": "127.0.0.1", "datetime": "2019-11-23T20:30:33.875", "type": 0, "get_full_path": "/rbac/premission/list/", "post_body": null}}, {"model": "rbac.requestrecord", "pk": 26, "fields": {"username": 1, "ipaddr": "127.0.0.1", "datetime": "2019-11-23T20:35:10.688", "type": 0, "get_full_path": "/rbac/premission/list/", "post_body": null}}, {"model": "rbac.requestrecord", "pk": 27, "fields": {"username": 1, "ipaddr": "127.0.0.1", "datetime": "2019-11-23T20:35:14.849", "type": 0, "get_full_path": "/cmdb/product/list/", "post_body": null}}, {"model": "rbac.requestrecord", "pk": 28, "fields": {"username": 1, "ipaddr": "127.0.0.1", "datetime": "2019-11-23T20:35:16.308", "type": 0, "get_full_path": "/cmdb/project/list/", "post_body": null}}, {"model": "rbac.requestrecord", "pk": 29, "fields": {"username": 1, "ipaddr": "127.0.0.1", "datetime": "2019-11-23T20:35:17.502", "type": 0, "get_full_path": "/cmdb/idc/list/", "post_body": null}}, {"model": "rbac.requestrecord", "pk": 30, "fields": {"username": 1, "ipaddr": "127.0.0.1", "datetime": "2019-11-23T20:35:18.994", "type": 0, "get_full_path": "/cmdb/env/list/", "post_body": null}}, {"model": "rbac.requestrecord", "pk": 31, "fields": {"username": 1, "ipaddr": "127.0.0.1", "datetime": "2019-11-23T20:35:20.005", "type": 0, "get_full_path": "/cmdb/asset/list/", "post_body": null}}, {"model": "rbac.requestrecord", "pk": 32, "fields": {"username": 1, "ipaddr": "127.0.0.1", "datetime": "2019-11-23T20:35:24.157", "type": 0, "get_full_path": "/rbac/user/list/", "post_body": null}}, {"model": "rbac.requestrecord", "pk": 33, "fields": {"username": 1, "ipaddr": "127.0.0.1", "datetime": "2019-11-23T20:40:11.852", "type": 0, "get_full_path": "/", "post_body": null}}, {"model": "rbac.requestrecord", "pk": 34, "fields": {"username": 1, "ipaddr": "127.0.0.1", "datetime": "2019-11-23T20:40:22.358", "type": 0, "get_full_path": "/rbac/user/list/", "post_body": null}}, {"model": "rbac.requestrecord", "pk": 35, "fields": {"username": 1, "ipaddr": "127.0.0.1", "datetime": "2019-11-23T20:41:54.051", "type": 0, "get_full_path": "/rbac/user/list/", "post_body": null}}, {"model": "rbac.requestrecord", "pk": 36, "fields": {"username": 1, "ipaddr": "127.0.0.1", "datetime": "2019-11-23T20:46:26.304", "type": 0, "get_full_path": "/rbac/user/list/", "post_body": null}}, {"model": "rbac.requestrecord", "pk": 37, "fields": {"username": 1, "ipaddr": "127.0.0.1", "datetime": "2019-11-23T20:47:36.477", "type": 0, "get_full_path": "/rbac/user/list/", "post_body": null}}, {"model": "rbac.requestrecord", "pk": 38, "fields": {"username": 1, "ipaddr": "127.0.0.1", "datetime": "2019-11-23T20:48:17.949", "type": 0, "get_full_path": "/rbac/user/list/", "post_body": null}}, {"model": "rbac.requestrecord", "pk": 39, "fields": {"username": 2, "ipaddr": "127.0.0.1", "datetime": "2019-11-23T20:48:40.518", "type": 0, "get_full_path": "/", "post_body": null}}, {"model": "rbac.requestrecord", "pk": 40, "fields": {"username": 2, "ipaddr": "127.0.0.1", "datetime": "2019-11-23T20:48:49.360", "type": 0, "get_full_path": "/", "post_body": null}}, {"model": "rbac.requestrecord", "pk": 41, "fields": {"username": 2, "ipaddr": "127.0.0.1", "datetime": "2019-11-23T20:49:46.834", "type": 0, "get_full_path": "/", "post_body": null}}, {"model": "rbac.requestrecord", "pk": 42, "fields": {"username": 2, "ipaddr": "127.0.0.1", "datetime": "2019-11-23T20:52:00.180", "type": 0, "get_full_path": "/", "post_body": null}}, {"model": "rbac.requestrecord", "pk": 43, "fields": {"username": 2, "ipaddr": "127.0.0.1", "datetime": "2019-11-23T20:52:07.290", "type": 0, "get_full_path": "/cmdb/product/list/", "post_body": null}}, {"model": "rbac.requestrecord", "pk": 44, "fields": {"username": 2, "ipaddr": "127.0.0.1", "datetime": "2019-11-23T20:52:08.799", "type": 0, "get_full_path": "/cmdb/project/list/", "post_body": null}}, {"model": "rbac.requestrecord", "pk": 45, "fields": {"username": 2, "ipaddr": "127.0.0.1", "datetime": "2019-11-23T20:53:34.655", "type": 0, "get_full_path": "/cmdb/project/list/", "post_body": null}}, {"model": "rbac.requestrecord", "pk": 46, "fields": {"username": 2, "ipaddr": "127.0.0.1", "datetime": "2019-11-23T20:54:26.818", "type": 0, "get_full_path": "/", "post_body": null}}, {"model": "rbac.requestrecord", "pk": 47, "fields": {"username": 2, "ipaddr": "127.0.0.1", "datetime": "2019-11-23T20:54:59.401", "type": 0, "get_full_path": "/", "post_body": null}}, {"model": "rbac.requestrecord", "pk": 48, "fields": {"username": 2, "ipaddr": "127.0.0.1", "datetime": "2019-11-23T20:56:24.373", "type": 0, "get_full_path": "/", "post_body": null}}, {"model": "rbac.requestrecord", "pk": 49, "fields": {"username": 2, "ipaddr": "127.0.0.1", "datetime": "2019-11-23T20:56:29.026", "type": 0, "get_full_path": "/cmdb/project/list/", "post_body": null}}, {"model": "rbac.requestrecord", "pk": 50, "fields": {"username": 2, "ipaddr": "127.0.0.1", "datetime": "2019-11-23T20:56:30.211", "type": 0, "get_full_path": "/cmdb/product/list/", "post_body": null}}, {"model": "rbac.requestrecord", "pk": 51, "fields": {"username": 2, "ipaddr": "127.0.0.1", "datetime": "2019-11-23T20:56:31.781", "type": 0, "get_full_path": "/cmdb/project/list/", "post_body": null}}, {"model": "rbac.requestrecord", "pk": 52, "fields": {"username": 1, "ipaddr": "127.0.0.1", "datetime": "2019-11-23T20:56:50.120", "type": 0, "get_full_path": "/", "post_body": null}}, {"model": "rbac.requestrecord", "pk": 53, "fields": {"username": 1, "ipaddr": "127.0.0.1", "datetime": "2019-11-23T20:56:53.992", "type": 0, "get_full_path": "/rbac/role/list/", "post_body": null}}, {"model": "rbac.requestrecord", "pk": 54, "fields": {"username": 1, "ipaddr": "127.0.0.1", "datetime": "2019-11-23T20:56:55.480", "type": 0, "get_full_path": "/rbac/premission/list/", "post_body": null}}, {"model": "rbac.requestrecord", "pk": 55, "fields": {"username": 1, "ipaddr": "127.0.0.1", "datetime": "2019-11-23T20:56:56.702", "type": 0, "get_full_path": "/rbac/user/list/", "post_body": null}}, {"model": "rbac.requestrecord", "pk": 56, "fields": {"username": 1, "ipaddr": "127.0.0.1", "datetime": "2019-11-23T20:56:59.491", "type": 0, "get_full_path": "/rbac/premission/list/", "post_body": null}}, {"model": "rbac.requestrecord", "pk": 57, "fields": {"username": 1, "ipaddr": "127.0.0.1", "datetime": "2019-11-23T20:58:22.317", "type": 0, "get_full_path": "/rbac/premission/list/", "post_body": null}}, {"model": "admin.logentry", "pk": 1, "fields": {"action_time": "2019-11-23T20:06:49.848", "user": 1, "content_type": 7, "object_id": "1", "object_repr": "\u8d44\u4ea7\u7ba1\u7406", "action_flag": 1, "change_message": "[{\"added\": {}}]"}}, {"model": "admin.logentry", "pk": 2, "fields": {"action_time": "2019-11-23T20:07:20.374", "user": 1, "content_type": 8, "object_id": "1", "object_repr": "\u8d44\u4ea7\u7ba1\u7406", "action_flag": 1, "change_message": "[{\"added\": {}}]"}}, {"model": "admin.logentry", "pk": 3, "fields": {"action_time": "2019-11-23T20:07:42.331", "user": 1, "content_type": 7, "object_id": "2", "object_repr": "\u8d44\u4ea7\u7ba1\u7406-->\u4ea7\u54c1\u5217\u8868", "action_flag": 1, "change_message": "[{\"added\": {}}]"}}, {"model": "admin.logentry", "pk": 4, "fields": {"action_time": "2019-11-23T20:08:03.978", "user": 1, "content_type": 8, "object_id": "2", "object_repr": "\u8d44\u4ea7\u7ba1\u7406-->\u4ea7\u54c1\u5217\u8868", "action_flag": 1, "change_message": "[{\"added\": {}}]"}}, {"model": "admin.logentry", "pk": 5, "fields": {"action_time": "2019-11-23T20:08:27.505", "user": 1, "content_type": 7, "object_id": "3", "object_repr": "\u8d44\u4ea7\u7ba1\u7406-->\u9879\u76ee\u5217\u8868", "action_flag": 1, "change_message": "[{\"added\": {}}]"}}, {"model": "admin.logentry", "pk": 6, "fields": {"action_time": "2019-11-23T20:08:48.825", "user": 1, "content_type": 8, "object_id": "3", "object_repr": "\u8d44\u4ea7\u7ba1\u7406-->\u9879\u76ee\u5217\u8868", "action_flag": 1, "change_message": "[{\"added\": {}}]"}}, {"model": "admin.logentry", "pk": 7, "fields": {"action_time": "2019-11-23T20:09:01.612", "user": 1, "content_type": 9, "object_id": "1", "object_repr": "\u8fd0\u7ef4", "action_flag": 1, "change_message": "[{\"added\": {}}]"}}, {"model": "admin.logentry", "pk": 8, "fields": {"action_time": "2019-11-23T20:09:17.923", "user": 1, "content_type": 6, "object_id": "1", "object_repr": "admin", "action_flag": 2, "change_message": "[{\"changed\": {\"fields\": [\"last_login\", \"gender\", \"phone\", \"role\", \"login_date\"]}}]"}}, {"model": "admin.logentry", "pk": 9, "fields": {"action_time": "2019-11-23T20:11:01.965", "user": 1, "content_type": 7, "object_id": "4", "object_repr": "\u8d44\u4ea7\u7ba1\u7406-->\u673a\u623f\u5217\u8868", "action_flag": 1, "change_message": "[{\"added\": {}}]"}}, {"model": "admin.logentry", "pk": 10, "fields": {"action_time": "2019-11-23T20:11:23.039", "user": 1, "content_type": 8, "object_id": "4", "object_repr": "\u8d44\u4ea7\u7ba1\u7406-->\u673a\u623f\u5217\u8868", "action_flag": 1, "change_message": "[{\"added\": {}}]"}}, {"model": "admin.logentry", "pk": 11, "fields": {"action_time": "2019-11-23T20:11:56.197", "user": 1, "content_type": 7, "object_id": "5", "object_repr": "\u8d44\u4ea7\u7ba1\u7406-->\u73af\u5883\u5217\u8868", "action_flag": 1, "change_message": "[{\"added\": {}}]"}}, {"model": "admin.logentry", "pk": 12, "fields": {"action_time": "2019-11-23T20:11:59.610", "user": 1, "content_type": 8, "object_id": "5", "object_repr": "\u8d44\u4ea7\u7ba1\u7406-->\u73af\u5883\u5217\u8868", "action_flag": 1, "change_message": "[{\"added\": {}}]"}}, {"model": "admin.logentry", "pk": 13, "fields": {"action_time": "2019-11-23T20:13:07.986", "user": 1, "content_type": 7, "object_id": "6", "object_repr": "\u8d44\u4ea7\u7ba1\u7406-->\u8d44\u4ea7\u5217\u8868", "action_flag": 1, "change_message": "[{\"added\": {}}]"}}, {"model": "admin.logentry", "pk": 14, "fields": {"action_time": "2019-11-23T20:13:11.500", "user": 1, "content_type": 8, "object_id": "6", "object_repr": "\u8d44\u4ea7\u7ba1\u7406-->\u8d44\u4ea7\u5217\u8868", "action_flag": 1, "change_message": "[{\"added\": {}}]"}}, {"model": "admin.logentry", "pk": 15, "fields": {"action_time": "2019-11-23T20:13:21.314", "user": 1, "content_type": 9, "object_id": "1", "object_repr": "\u8fd0\u7ef4", "action_flag": 2, "change_message": "[{\"changed\": {\"fields\": [\"permission\"]}}]"}}, {"model": "admin.logentry", "pk": 16, "fields": {"action_time": "2019-11-23T20:16:04.139", "user": 1, "content_type": 7, "object_id": "7", "object_repr": "\u7528\u6237\u7ba1\u7406", "action_flag": 1, "change_message": "[{\"added\": {}}]"}}, {"model": "admin.logentry", "pk": 17, "fields": {"action_time": "2019-11-23T20:16:05.726", "user": 1, "content_type": 8, "object_id": "7", "object_repr": "\u7528\u6237\u7ba1\u7406", "action_flag": 1, "change_message": "[{\"added\": {}}]"}}, {"model": "admin.logentry", "pk": 18, "fields": {"action_time": "2019-11-23T20:16:50.044", "user": 1, "content_type": 7, "object_id": "8", "object_repr": "\u7528\u6237\u7ba1\u7406-->\u7528\u6237\u5217\u8868", "action_flag": 1, "change_message": "[{\"added\": {}}]"}}, {"model": "admin.logentry", "pk": 19, "fields": {"action_time": "2019-11-23T20:16:52.217", "user": 1, "content_type": 8, "object_id": "8", "object_repr": "\u7528\u6237\u7ba1\u7406-->\u7528\u6237\u5217\u8868", "action_flag": 1, "change_message": "[{\"added\": {}}]"}}, {"model": "admin.logentry", "pk": 20, "fields": {"action_time": "2019-11-23T20:17:25.368", "user": 1, "content_type": 7, "object_id": "9", "object_repr": "\u7528\u6237\u7ba1\u7406-->\u6743\u9650\u5217\u8868", "action_flag": 1, "change_message": "[{\"added\": {}}]"}}, {"model": "admin.logentry", "pk": 21, "fields": {"action_time": "2019-11-23T20:17:27.499", "user": 1, "content_type": 8, "object_id": "9", "object_repr": "\u7528\u6237\u7ba1\u7406-->\u6743\u9650\u5217\u8868", "action_flag": 1, "change_message": "[{\"added\": {}}]"}}, {"model": "admin.logentry", "pk": 22, "fields": {"action_time": "2019-11-23T20:18:07.141", "user": 1, "content_type": 7, "object_id": "10", "object_repr": "\u7528\u6237\u7ba1\u7406-->\u89d2\u8272\u7ba1\u7406", "action_flag": 1, "change_message": "[{\"added\": {}}]"}}, {"model": "admin.logentry", "pk": 23, "fields": {"action_time": "2019-11-23T20:18:08.202", "user": 1, "content_type": 8, "object_id": "10", "object_repr": "\u7528\u6237\u7ba1\u7406-->\u89d2\u8272\u7ba1\u7406", "action_flag": 1, "change_message": "[{\"added\": {}}]"}}, {"model": "admin.logentry", "pk": 24, "fields": {"action_time": "2019-11-23T20:19:23.930", "user": 1, "content_type": 7, "object_id": "11", "object_repr": "\u7528\u6237\u7ba1\u7406-->\u90e8\u95e8\u5217\u8868", "action_flag": 1, "change_message": "[{\"added\": {}}]"}}, {"model": "admin.logentry", "pk": 25, "fields": {"action_time": "2019-11-23T20:19:32.492", "user": 1, "content_type": 8, "object_id": "11", "object_repr": "\u7528\u6237\u7ba1\u7406-->\u90e8\u95e8\u5217\u8868", "action_flag": 1, "change_message": "[{\"added\": {}}]"}}, {"model": "admin.logentry", "pk": 26, "fields": {"action_time": "2019-11-23T20:19:46.603", "user": 1, "content_type": 9, "object_id": "1", "object_repr": "\u8fd0\u7ef4", "action_flag": 2, "change_message": "[{\"changed\": {\"fields\": [\"permission\"]}}]"}}, {"model": "admin.logentry", "pk": 27, "fields": {"action_time": "2019-11-23T20:22:50.460", "user": 1, "content_type": 8, "object_id": "7", "object_repr": "\u7528\u6237\u7ba1\u7406", "action_flag": 2, "change_message": "[{\"changed\": {\"fields\": [\"icon\"]}}]"}}, {"model": "admin.logentry", "pk": 28, "fields": {"action_time": "2019-11-23T20:23:23.411", "user": 1, "content_type": 7, "object_id": "7", "object_repr": "\u7528\u6237\u7ba1\u7406", "action_flag": 2, "change_message": "[{\"changed\": {\"fields\": [\"icon\"]}}]"}}, {"model": "admin.logentry", "pk": 29, "fields": {"action_time": "2019-11-23T20:23:50.756", "user": 1, "content_type": 7, "object_id": "10", "object_repr": "\u7528\u6237\u7ba1\u7406-->\u89d2\u8272\u5217\u8868", "action_flag": 2, "change_message": "[{\"changed\": {\"fields\": [\"title\"]}}]"}}, {"model": "admin.logentry", "pk": 30, "fields": {"action_time": "2019-11-23T20:36:36.637", "user": 1, "content_type": 6, "object_id": "2", "object_repr": "zengshenglong", "action_flag": 1, "change_message": "[{\"added\": {}}]"}}, {"model": "admin.logentry", "pk": 31, "fields": {"action_time": "2019-11-23T20:37:19.993", "user": 1, "content_type": 9, "object_id": "2", "object_repr": "\u5f00\u53d1", "action_flag": 1, "change_message": "[{\"added\": {}}]"}}, {"model": "admin.logentry", "pk": 32, "fields": {"action_time": "2019-11-23T20:37:47.831", "user": 1, "content_type": 7, "object_id": "12", "object_repr": "\u8d44\u4ea7\u7ba1\u7406-->\u57fa\u7840\u670d\u52a1\u5217\u8868", "action_flag": 1, "change_message": "[{\"added\": {}}]"}}, {"model": "admin.logentry", "pk": 33, "fields": {"action_time": "2019-11-23T20:38:17.798", "user": 1, "content_type": 8, "object_id": "12", "object_repr": "\u8d44\u4ea7\u7ba1\u7406-->\u57fa\u7840\u670d\u52a1\u5217\u8868", "action_flag": 1, "change_message": "[{\"added\": {}}]"}}, {"model": "admin.logentry", "pk": 34, "fields": {"action_time": "2019-11-23T20:38:59.014", "user": 1, "content_type": 7, "object_id": "13", "object_repr": "\u8d44\u4ea7\u7ba1\u7406-->\u5e94\u7528\u670d\u52a1\u5217\u8868", "action_flag": 1, "change_message": "[{\"added\": {}}]"}}, {"model": "admin.logentry", "pk": 35, "fields": {"action_time": "2019-11-23T20:39:00.013", "user": 1, "content_type": 8, "object_id": "13", "object_repr": "\u8d44\u4ea7\u7ba1\u7406-->\u5e94\u7528\u670d\u52a1\u5217\u8868", "action_flag": 1, "change_message": "[{\"added\": {}}]"}}, {"model": "admin.logentry", "pk": 36, "fields": {"action_time": "2019-11-23T20:39:12.584", "user": 1, "content_type": 9, "object_id": "2", "object_repr": "\u5f00\u53d1", "action_flag": 2, "change_message": "[{\"changed\": {\"fields\": [\"permission\"]}}]"}}, {"model": "admin.logentry", "pk": 37, "fields": {"action_time": "2019-11-23T20:39:20.308", "user": 1, "content_type": 9, "object_id": "1", "object_repr": "\u8fd0\u7ef4", "action_flag": 2, "change_message": "[{\"changed\": {\"fields\": [\"permission\"]}}]"}}, {"model": "admin.logentry", "pk": 38, "fields": {"action_time": "2019-11-23T20:49:20.606", "user": 1, "content_type": 6, "object_id": "2", "object_repr": "zengshenglong", "action_flag": 2, "change_message": "[{\"changed\": {\"fields\": [\"last_login\", \"role\", \"login_date\"]}}]"}}]